experiment,path,batch_size,sequence_length,sample,elapsed_ms
cache_strategy,no_cache,1,16,1,0.277344
cache_strategy,no_cache,1,16,2,0.274234
cache_strategy,no_cache,1,16,3,0.275894
cache_strategy,no_cache,1,16,4,0.272544
cache_strategy,no_cache,1,16,5,0.271725
cache_strategy,no_cache,1,16,6,0.271604
cache_strategy,no_cache,1,16,7,0.275134
cache_strategy,no_cache,1,16,8,0.270774
cache_strategy,no_cache,1,16,9,0.269424
cache_strategy,no_cache,1,16,10,0.272694
cache_strategy,no_cache,1,16,11,0.269144
cache_strategy,no_cache,1,16,12,0.269864
cache_strategy,no_cache,1,16,13,0.270205
cache_strategy,no_cache,1,16,14,0.271324
cache_strategy,no_cache,1,16,15,0.270084
cache_strategy,no_cache,1,16,16,0.269014
cache_strategy,no_cache,1,16,17,0.268394
cache_strategy,no_cache,1,16,18,0.274374
cache_strategy,no_cache,1,16,19,0.268974
cache_strategy,no_cache,1,16,20,0.269244
cache_strategy,no_cache,1,16,21,0.276175
cache_strategy,no_cache,1,16,22,0.269074
cache_strategy,no_cache,1,16,23,0.281364
cache_strategy,no_cache,1,16,24,0.271154
cache_strategy,no_cache,1,16,25,0.275534
cache_strategy,no_cache,1,16,26,0.270374
cache_strategy,no_cache,1,16,27,0.270034
cache_strategy,no_cache,1,16,28,0.270605
cache_strategy,no_cache,1,16,29,0.272554
cache_strategy,no_cache,1,16,30,0.269854
cache_strategy,dynamic_cache,1,16,1,0.195443
cache_strategy,dynamic_cache,1,16,2,0.194593
cache_strategy,dynamic_cache,1,16,3,0.194113
cache_strategy,dynamic_cache,1,16,4,0.194713
cache_strategy,dynamic_cache,1,16,5,0.197373
cache_strategy,dynamic_cache,1,16,6,0.193873
cache_strategy,dynamic_cache,1,16,7,0.195363
cache_strategy,dynamic_cache,1,16,8,0.193943
cache_strategy,dynamic_cache,1,16,9,0.193743
cache_strategy,dynamic_cache,1,16,10,0.195853
cache_strategy,dynamic_cache,1,16,11,0.192493
cache_strategy,dynamic_cache,1,16,12,0.193443
cache_strategy,dynamic_cache,1,16,13,0.193752
cache_strategy,dynamic_cache,1,16,14,0.192483
cache_strategy,dynamic_cache,1,16,15,0.193493
cache_strategy,dynamic_cache,1,16,16,0.195883
cache_strategy,dynamic_cache,1,16,17,0.193633
cache_strategy,dynamic_cache,1,16,18,0.194783
cache_strategy,dynamic_cache,1,16,19,0.193143
cache_strategy,dynamic_cache,1,16,20,0.192803
cache_strategy,dynamic_cache,1,16,21,0.196493
cache_strategy,dynamic_cache,1,16,22,0.193573
cache_strategy,dynamic_cache,1,16,23,0.203113
cache_strategy,dynamic_cache,1,16,24,0.193823
cache_strategy,dynamic_cache,1,16,25,0.194123
cache_strategy,dynamic_cache,1,16,26,0.196963
cache_strategy,dynamic_cache,1,16,27,0.194593
cache_strategy,dynamic_cache,1,16,28,0.193563
cache_strategy,dynamic_cache,1,16,29,0.194383
cache_strategy,dynamic_cache,1,16,30,0.194903
cache_strategy,preallocated_cache,1,16,1,0.182423
cache_strategy,preallocated_cache,1,16,2,0.181803
cache_strategy,preallocated_cache,1,16,3,0.184763
cache_strategy,preallocated_cache,1,16,4,0.181652
cache_strategy,preallocated_cache,1,16,5,0.181563
cache_strategy,preallocated_cache,1,16,6,0.181633
cache_strategy,preallocated_cache,1,16,7,0.181733
cache_strategy,preallocated_cache,1,16,8,0.181732
cache_strategy,preallocated_cache,1,16,9,0.184183
cache_strategy,preallocated_cache,1,16,10,0.181413
cache_strategy,preallocated_cache,1,16,11,0.180343
cache_strategy,preallocated_cache,1,16,12,0.220253
cache_strategy,preallocated_cache,1,16,13,0.179873
cache_strategy,preallocated_cache,1,16,14,0.181393
cache_strategy,preallocated_cache,1,16,15,0.179692
cache_strategy,preallocated_cache,1,16,16,0.179383
cache_strategy,preallocated_cache,1,16,17,0.178513
cache_strategy,preallocated_cache,1,16,18,0.178293
cache_strategy,preallocated_cache,1,16,19,0.178572
cache_strategy,preallocated_cache,1,16,20,0.180713
cache_strategy,preallocated_cache,1,16,21,0.178473
cache_strategy,preallocated_cache,1,16,22,0.178552
cache_strategy,preallocated_cache,1,16,23,0.177053
cache_strategy,preallocated_cache,1,16,24,0.176763
cache_strategy,preallocated_cache,1,16,25,0.178383
cache_strategy,preallocated_cache,1,16,26,0.176752
cache_strategy,preallocated_cache,1,16,27,0.176783
cache_strategy,preallocated_cache,1,16,28,0.184523
cache_strategy,preallocated_cache,1,16,29,0.175712
cache_strategy,preallocated_cache,1,16,30,0.175593
cache_strategy,no_cache,1,32,1,0.632020
cache_strategy,no_cache,1,32,2,0.618999
cache_strategy,no_cache,1,32,3,0.616490
cache_strategy,no_cache,1,32,4,0.624529
cache_strategy,no_cache,1,32,5,0.607639
cache_strategy,no_cache,1,32,6,0.604080
cache_strategy,no_cache,1,32,7,0.599589
cache_strategy,no_cache,1,32,8,0.591829
cache_strategy,no_cache,1,32,9,0.590319
cache_strategy,no_cache,1,32,10,0.583139
cache_strategy,no_cache,1,32,11,0.584919
cache_strategy,no_cache,1,32,12,0.575418
cache_strategy,no_cache,1,32,13,0.574549
cache_strategy,no_cache,1,32,14,0.570119
cache_strategy,no_cache,1,32,15,0.564718
cache_strategy,no_cache,1,32,16,0.574999
cache_strategy,no_cache,1,32,17,0.559489
cache_strategy,no_cache,1,32,18,0.560168
cache_strategy,no_cache,1,32,19,0.551788
cache_strategy,no_cache,1,32,20,0.553009
cache_strategy,no_cache,1,32,21,0.549758
cache_strategy,no_cache,1,32,22,0.544849
cache_strategy,no_cache,1,32,23,0.542738
cache_strategy,no_cache,1,32,24,0.536998
cache_strategy,no_cache,1,32,25,0.535998
cache_strategy,no_cache,1,32,26,0.530848
cache_strategy,no_cache,1,32,27,0.531438
cache_strategy,no_cache,1,32,28,0.526948
cache_strategy,no_cache,1,32,29,0.534448
cache_strategy,no_cache,1,32,30,0.544209
cache_strategy,dynamic_cache,1,32,1,0.309355
cache_strategy,dynamic_cache,1,32,2,0.307594
cache_strategy,dynamic_cache,1,32,3,0.307225
cache_strategy,dynamic_cache,1,32,4,0.307315
cache_strategy,dynamic_cache,1,32,5,0.305944
cache_strategy,dynamic_cache,1,32,6,0.306435
cache_strategy,dynamic_cache,1,32,7,0.306715
cache_strategy,dynamic_cache,1,32,8,0.309094
cache_strategy,dynamic_cache,1,32,9,0.307025
cache_strategy,dynamic_cache,1,32,10,0.304585
cache_strategy,dynamic_cache,1,32,11,0.309274
cache_strategy,dynamic_cache,1,32,12,0.307795
cache_strategy,dynamic_cache,1,32,13,0.307155
cache_strategy,dynamic_cache,1,32,14,0.307764
cache_strategy,dynamic_cache,1,32,15,0.307765
cache_strategy,dynamic_cache,1,32,16,0.307175
cache_strategy,dynamic_cache,1,32,17,0.315945
cache_strategy,dynamic_cache,1,32,18,0.308844
cache_strategy,dynamic_cache,1,32,19,0.308035
cache_strategy,dynamic_cache,1,32,20,0.306995
cache_strategy,dynamic_cache,1,32,21,0.309714
cache_strategy,dynamic_cache,1,32,22,0.306925
cache_strategy,dynamic_cache,1,32,23,0.306135
cache_strategy,dynamic_cache,1,32,24,0.309004
cache_strategy,dynamic_cache,1,32,25,0.306475
cache_strategy,dynamic_cache,1,32,26,0.305655
cache_strategy,dynamic_cache,1,32,27,0.307094
cache_strategy,dynamic_cache,1,32,28,0.304425
cache_strategy,dynamic_cache,1,32,29,0.305005
cache_strategy,dynamic_cache,1,32,30,0.308794
cache_strategy,preallocated_cache,1,32,1,0.283735
cache_strategy,preallocated_cache,1,32,2,0.281854
cache_strategy,preallocated_cache,1,32,3,0.281734
cache_strategy,preallocated_cache,1,32,4,0.283624
cache_strategy,preallocated_cache,1,32,5,0.281915
cache_strategy,preallocated_cache,1,32,6,0.281524
cache_strategy,preallocated_cache,1,32,7,0.281734
cache_strategy,preallocated_cache,1,32,8,0.289595
cache_strategy,preallocated_cache,1,32,9,0.281334
cache_strategy,preallocated_cache,1,32,10,0.280804
cache_strategy,preallocated_cache,1,32,11,0.280705
cache_strategy,preallocated_cache,1,32,12,0.282394
cache_strategy,preallocated_cache,1,32,13,0.280574
cache_strategy,preallocated_cache,1,32,14,0.280494
cache_strategy,preallocated_cache,1,32,15,0.282275
cache_strategy,preallocated_cache,1,32,16,0.280774
cache_strategy,preallocated_cache,1,32,17,0.280424
cache_strategy,preallocated_cache,1,32,18,0.281494
cache_strategy,preallocated_cache,1,32,19,0.283045
cache_strategy,preallocated_cache,1,32,20,0.281794
cache_strategy,preallocated_cache,1,32,21,0.281154
cache_strategy,preallocated_cache,1,32,22,0.283095
cache_strategy,preallocated_cache,1,32,23,0.280914
cache_strategy,preallocated_cache,1,32,24,0.280234
cache_strategy,preallocated_cache,1,32,25,0.280404
cache_strategy,preallocated_cache,1,32,26,0.281955
cache_strategy,preallocated_cache,1,32,27,0.280954
cache_strategy,preallocated_cache,1,32,28,0.280554
cache_strategy,preallocated_cache,1,32,29,0.282715
cache_strategy,preallocated_cache,1,32,30,0.280774
cache_strategy,no_cache,1,64,1,1.798737
cache_strategy,no_cache,1,64,2,1.792628
cache_strategy,no_cache,1,64,3,1.799047
cache_strategy,no_cache,1,64,4,1.794457
cache_strategy,no_cache,1,64,5,1.786377
cache_strategy,no_cache,1,64,6,1.785058
cache_strategy,no_cache,1,64,7,1.788257
cache_strategy,no_cache,1,64,8,1.768657
cache_strategy,no_cache,1,64,9,1.772567
cache_strategy,no_cache,1,64,10,1.763517
cache_strategy,no_cache,1,64,11,1.760477
cache_strategy,no_cache,1,64,12,1.740496
cache_strategy,no_cache,1,64,13,1.743887
cache_strategy,no_cache,1,64,14,1.735796
cache_strategy,no_cache,1,64,15,1.742767
cache_strategy,no_cache,1,64,16,1.726646
cache_strategy,no_cache,1,64,17,1.813977
cache_strategy,no_cache,1,64,18,1.729847
cache_strategy,no_cache,1,64,19,1.726416
cache_strategy,no_cache,1,64,20,1.714286
cache_strategy,no_cache,1,64,21,1.713776
cache_strategy,no_cache,1,64,22,1.717496
cache_strategy,no_cache,1,64,23,1.726857
cache_strategy,no_cache,1,64,24,1.698625
cache_strategy,no_cache,1,64,25,1.699906
cache_strategy,no_cache,1,64,26,1.694926
cache_strategy,no_cache,1,64,27,1.739457
cache_strategy,no_cache,1,64,28,1.694175
cache_strategy,no_cache,1,64,29,1.695686
cache_strategy,no_cache,1,64,30,1.688576
cache_strategy,dynamic_cache,1,64,1,0.657680
cache_strategy,dynamic_cache,1,64,2,0.653580
cache_strategy,dynamic_cache,1,64,3,0.648860
cache_strategy,dynamic_cache,1,64,4,0.649820
cache_strategy,dynamic_cache,1,64,5,0.659610
cache_strategy,dynamic_cache,1,64,6,0.647599
cache_strategy,dynamic_cache,1,64,7,0.651470
cache_strategy,dynamic_cache,1,64,8,0.651940
cache_strategy,dynamic_cache,1,64,9,0.650570
cache_strategy,dynamic_cache,1,64,10,0.657890
cache_strategy,dynamic_cache,1,64,11,0.659200
cache_strategy,dynamic_cache,1,64,12,0.644020
cache_strategy,dynamic_cache,1,64,13,0.705391
cache_strategy,dynamic_cache,1,64,14,0.692900
cache_strategy,dynamic_cache,1,64,15,0.643730
cache_strategy,dynamic_cache,1,64,16,0.646160
cache_strategy,dynamic_cache,1,64,17,0.644790
cache_strategy,dynamic_cache,1,64,18,0.641949
cache_strategy,dynamic_cache,1,64,19,0.648540
cache_strategy,dynamic_cache,1,64,20,0.643010
cache_strategy,dynamic_cache,1,64,21,0.658380
cache_strategy,dynamic_cache,1,64,22,0.646740
cache_strategy,dynamic_cache,1,64,23,0.647830
cache_strategy,dynamic_cache,1,64,24,0.648270
cache_strategy,dynamic_cache,1,64,25,0.646319
cache_strategy,dynamic_cache,1,64,26,0.644620
cache_strategy,dynamic_cache,1,64,27,0.645100
cache_strategy,dynamic_cache,1,64,28,0.643230
cache_strategy,dynamic_cache,1,64,29,0.640720
cache_strategy,dynamic_cache,1,64,30,0.647379
cache_strategy,preallocated_cache,1,64,1,0.576689
cache_strategy,preallocated_cache,1,64,2,0.582659
cache_strategy,preallocated_cache,1,64,3,0.579389
cache_strategy,preallocated_cache,1,64,4,0.578108
cache_strategy,preallocated_cache,1,64,5,0.580379
cache_strategy,preallocated_cache,1,64,6,0.578669
cache_strategy,preallocated_cache,1,64,7,0.577739
cache_strategy,preallocated_cache,1,64,8,0.578869
cache_strategy,preallocated_cache,1,64,9,0.580739
cache_strategy,preallocated_cache,1,64,10,0.574648
cache_strategy,preallocated_cache,1,64,11,0.590909
cache_strategy,preallocated_cache,1,64,12,0.578259
cache_strategy,preallocated_cache,1,64,13,0.573489
cache_strategy,preallocated_cache,1,64,14,0.578209
cache_strategy,preallocated_cache,1,64,15,0.576688
cache_strategy,preallocated_cache,1,64,16,0.575239
cache_strategy,preallocated_cache,1,64,17,0.577019
cache_strategy,preallocated_cache,1,64,18,0.576199
cache_strategy,preallocated_cache,1,64,19,0.574918
cache_strategy,preallocated_cache,1,64,20,0.576689
cache_strategy,preallocated_cache,1,64,21,0.578119
cache_strategy,preallocated_cache,1,64,22,0.573389
cache_strategy,preallocated_cache,1,64,23,0.587929
cache_strategy,preallocated_cache,1,64,24,0.576198
cache_strategy,preallocated_cache,1,64,25,0.572489
cache_strategy,preallocated_cache,1,64,26,0.576739
cache_strategy,preallocated_cache,1,64,27,0.573499
cache_strategy,preallocated_cache,1,64,28,0.573548
cache_strategy,preallocated_cache,1,64,29,0.573539
cache_strategy,preallocated_cache,1,64,30,0.575519
cache_strategy,no_cache,1,128,1,7.869980
cache_strategy,no_cache,1,128,2,7.814189
cache_strategy,no_cache,1,128,3,7.795988
cache_strategy,no_cache,1,128,4,7.819069
cache_strategy,no_cache,1,128,5,7.844110
cache_strategy,no_cache,1,128,6,7.851879
cache_strategy,no_cache,1,128,7,7.926621
cache_strategy,no_cache,1,128,8,7.947041
cache_strategy,no_cache,1,128,9,7.792909
cache_strategy,no_cache,1,128,10,7.757058
cache_strategy,no_cache,1,128,11,7.758468
cache_strategy,no_cache,1,128,12,7.740267
cache_strategy,no_cache,1,128,13,7.752538
cache_strategy,no_cache,1,128,14,7.770169
cache_strategy,no_cache,1,128,15,7.734177
cache_strategy,no_cache,1,128,16,7.765938
cache_strategy,no_cache,1,128,17,7.764238
cache_strategy,no_cache,1,128,18,7.798689
cache_strategy,no_cache,1,128,19,7.793459
cache_strategy,no_cache,1,128,20,7.872390
cache_strategy,no_cache,1,128,21,7.758178
cache_strategy,no_cache,1,128,22,7.748258
cache_strategy,no_cache,1,128,23,7.723507
cache_strategy,no_cache,1,128,24,7.725228
cache_strategy,no_cache,1,128,25,7.727087
cache_strategy,no_cache,1,128,26,7.804189
cache_strategy,no_cache,1,128,27,7.752978
cache_strategy,no_cache,1,128,28,7.731827
cache_strategy,no_cache,1,128,29,7.736188
cache_strategy,no_cache,1,128,30,7.734818
cache_strategy,dynamic_cache,1,128,1,1.381981
cache_strategy,dynamic_cache,1,128,2,1.373791
cache_strategy,dynamic_cache,1,128,3,1.364011
cache_strategy,dynamic_cache,1,128,4,1.364651
cache_strategy,dynamic_cache,1,128,5,1.373611
cache_strategy,dynamic_cache,1,128,6,1.366461
cache_strategy,dynamic_cache,1,128,7,1.371590
cache_strategy,dynamic_cache,1,128,8,1.369301
cache_strategy,dynamic_cache,1,128,9,1.374531
cache_strategy,dynamic_cache,1,128,10,1.367441
cache_strategy,dynamic_cache,1,128,11,1.370061
cache_strategy,dynamic_cache,1,128,12,1.369221
cache_strategy,dynamic_cache,1,128,13,1.376671
cache_strategy,dynamic_cache,1,128,14,1.365220
cache_strategy,dynamic_cache,1,128,15,1.352971
cache_strategy,dynamic_cache,1,128,16,1.365871
cache_strategy,dynamic_cache,1,128,17,1.369791
cache_strategy,dynamic_cache,1,128,18,1.368080
cache_strategy,dynamic_cache,1,128,19,1.352031
cache_strategy,dynamic_cache,1,128,20,1.363941
cache_strategy,dynamic_cache,1,128,21,1.369801
cache_strategy,dynamic_cache,1,128,22,1.363110
cache_strategy,dynamic_cache,1,128,23,1.351621
cache_strategy,dynamic_cache,1,128,24,1.365281
cache_strategy,dynamic_cache,1,128,25,1.353890
cache_strategy,dynamic_cache,1,128,26,1.349821
cache_strategy,dynamic_cache,1,128,27,1.358380
cache_strategy,dynamic_cache,1,128,28,1.357831
cache_strategy,dynamic_cache,1,128,29,1.344050
cache_strategy,dynamic_cache,1,128,30,1.355391
cache_strategy,preallocated_cache,1,128,1,1.180048
cache_strategy,preallocated_cache,1,128,2,1.180908
cache_strategy,preallocated_cache,1,128,3,1.178508
cache_strategy,preallocated_cache,1,128,4,1.177658
cache_strategy,preallocated_cache,1,128,5,1.178478
cache_strategy,preallocated_cache,1,128,6,1.177108
cache_strategy,preallocated_cache,1,128,7,1.178538
cache_strategy,preallocated_cache,1,128,8,1.177908
cache_strategy,preallocated_cache,1,128,9,1.176507
cache_strategy,preallocated_cache,1,128,10,1.174248
cache_strategy,preallocated_cache,1,128,11,1.175228
cache_strategy,preallocated_cache,1,128,12,1.173768
cache_strategy,preallocated_cache,1,128,13,1.176768
cache_strategy,preallocated_cache,1,128,14,1.173838
cache_strategy,preallocated_cache,1,128,15,1.172908
cache_strategy,preallocated_cache,1,128,16,1.173498
cache_strategy,preallocated_cache,1,128,17,1.200438
cache_strategy,preallocated_cache,1,128,18,1.160167
cache_strategy,preallocated_cache,1,128,19,1.165498
cache_strategy,preallocated_cache,1,128,20,1.158348
cache_strategy,preallocated_cache,1,128,21,1.159657
cache_strategy,preallocated_cache,1,128,22,1.357991
cache_strategy,preallocated_cache,1,128,23,1.160968
cache_strategy,preallocated_cache,1,128,24,1.159997
cache_strategy,preallocated_cache,1,128,25,1.156868
cache_strategy,preallocated_cache,1,128,26,1.153758
cache_strategy,preallocated_cache,1,128,27,1.153917
cache_strategy,preallocated_cache,1,128,28,1.153438
cache_strategy,preallocated_cache,1,128,29,1.153777
cache_strategy,preallocated_cache,1,128,30,1.151708
cache_strategy,no_cache,1,256,1,39.881387
cache_strategy,no_cache,1,256,2,41.026614
cache_strategy,no_cache,1,256,3,40.750760
cache_strategy,no_cache,1,256,4,40.687769
cache_strategy,no_cache,1,256,5,40.557417
cache_strategy,no_cache,1,256,6,39.588993
cache_strategy,no_cache,1,256,7,39.612963
cache_strategy,no_cache,1,256,8,40.272142
cache_strategy,no_cache,1,256,9,41.103746
cache_strategy,no_cache,1,256,10,39.476300
cache_strategy,no_cache,1,256,11,40.035149
cache_strategy,no_cache,1,256,12,40.527807
cache_strategy,no_cache,1,256,13,41.493162
cache_strategy,no_cache,1,256,14,40.706779
cache_strategy,no_cache,1,256,15,40.434485
cache_strategy,no_cache,1,256,16,40.441735
cache_strategy,no_cache,1,256,17,40.600248
cache_strategy,no_cache,1,256,18,41.014644
cache_strategy,no_cache,1,256,19,40.422445
cache_strategy,no_cache,1,256,20,40.744200
cache_strategy,no_cache,1,256,21,40.717750
cache_strategy,no_cache,1,256,22,40.894672
cache_strategy,no_cache,1,256,23,41.040875
cache_strategy,no_cache,1,256,24,40.466615
cache_strategy,no_cache,1,256,25,40.964764
cache_strategy,no_cache,1,256,26,40.891612
cache_strategy,no_cache,1,256,27,40.287873
cache_strategy,no_cache,1,256,28,40.116960
cache_strategy,no_cache,1,256,29,40.582998
cache_strategy,no_cache,1,256,30,40.647898
cache_strategy,dynamic_cache,1,256,1,3.149208
cache_strategy,dynamic_cache,1,256,2,3.138317
cache_strategy,dynamic_cache,1,256,3,3.165239
cache_strategy,dynamic_cache,1,256,4,3.121997
cache_strategy,dynamic_cache,1,256,5,3.141978
cache_strategy,dynamic_cache,1,256,6,3.125357
cache_strategy,dynamic_cache,1,256,7,3.157058
cache_strategy,dynamic_cache,1,256,8,3.150577
cache_strategy,dynamic_cache,1,256,9,3.097968
cache_strategy,dynamic_cache,1,256,10,3.106827
cache_strategy,dynamic_cache,1,256,11,3.077257
cache_strategy,dynamic_cache,1,256,12,3.094897
cache_strategy,dynamic_cache,1,256,13,3.102827
cache_strategy,dynamic_cache,1,256,14,3.074407
cache_strategy,dynamic_cache,1,256,15,3.084787
cache_strategy,dynamic_cache,1,256,16,3.079406
cache_strategy,dynamic_cache,1,256,17,3.080457
cache_strategy,dynamic_cache,1,256,18,3.065847
cache_strategy,dynamic_cache,1,256,19,3.055556
cache_strategy,dynamic_cache,1,256,20,3.060547
cache_strategy,dynamic_cache,1,256,21,3.076967
cache_strategy,dynamic_cache,1,256,22,3.081007
cache_strategy,dynamic_cache,1,256,23,3.068886
cache_strategy,dynamic_cache,1,256,24,3.107368
cache_strategy,dynamic_cache,1,256,25,3.067697
cache_strategy,dynamic_cache,1,256,26,3.074206
cache_strategy,dynamic_cache,1,256,27,3.079287
cache_strategy,dynamic_cache,1,256,28,3.084097
cache_strategy,dynamic_cache,1,256,29,3.054997
cache_strategy,dynamic_cache,1,256,30,3.067226
cache_strategy,preallocated_cache,1,256,1,2.496718
cache_strategy,preallocated_cache,1,256,2,2.525628
cache_strategy,preallocated_cache,1,256,3,2.531269
cache_strategy,preallocated_cache,1,256,4,2.498958
cache_strategy,preallocated_cache,1,256,5,2.513878
cache_strategy,preallocated_cache,1,256,6,2.538268
cache_strategy,preallocated_cache,1,256,7,2.493168
cache_strategy,preallocated_cache,1,256,8,2.546209
cache_strategy,preallocated_cache,1,256,9,2.525749
cache_strategy,preallocated_cache,1,256,10,2.493687
cache_strategy,preallocated_cache,1,256,11,2.506809
cache_strategy,preallocated_cache,1,256,12,2.519558
cache_strategy,preallocated_cache,1,256,13,2.495498
cache_strategy,preallocated_cache,1,256,14,2.510708
cache_strategy,preallocated_cache,1,256,15,2.554459
cache_strategy,preallocated_cache,1,256,16,2.574699
cache_strategy,preallocated_cache,1,256,17,2.518818
cache_strategy,preallocated_cache,1,256,18,2.515909
cache_strategy,preallocated_cache,1,256,19,2.487938
cache_strategy,preallocated_cache,1,256,20,2.502888
cache_strategy,preallocated_cache,1,256,21,2.522818
cache_strategy,preallocated_cache,1,256,22,2.496208
cache_strategy,preallocated_cache,1,256,23,2.495368
cache_strategy,preallocated_cache,1,256,24,2.506938
cache_strategy,preallocated_cache,1,256,25,2.484098
cache_strategy,preallocated_cache,1,256,26,2.496918
cache_strategy,preallocated_cache,1,256,27,2.510608
cache_strategy,preallocated_cache,1,256,28,2.482408
cache_strategy,preallocated_cache,1,256,29,2.502098
cache_strategy,preallocated_cache,1,256,30,2.511528
batched_execution,sequential,2,16,1,0.306505
batched_execution,sequential,2,16,2,0.305764
batched_execution,sequential,2,16,3,0.301745
batched_execution,sequential,2,16,4,0.304345
batched_execution,sequential,2,16,5,0.302994
batched_execution,sequential,2,16,6,0.301375
batched_execution,sequential,2,16,7,0.306985
batched_execution,sequential,2,16,8,0.302574
batched_execution,sequential,2,16,9,0.302185
batched_execution,sequential,2,16,10,0.303234
batched_execution,sequential,2,16,11,0.304855
batched_execution,sequential,2,16,12,0.303775
batched_execution,sequential,2,16,13,0.303074
batched_execution,sequential,2,16,14,0.306285
batched_execution,sequential,2,16,15,0.302994
batched_execution,sequential,2,16,16,0.303685
batched_execution,sequential,2,16,17,0.305045
batched_execution,sequential,2,16,18,0.302914
batched_execution,sequential,2,16,19,0.303485
batched_execution,sequential,2,16,20,0.303105
batched_execution,sequential,2,16,21,0.304804
batched_execution,sequential,2,16,22,0.301975
batched_execution,sequential,2,16,23,0.302264
batched_execution,sequential,2,16,24,0.303405
batched_execution,sequential,2,16,25,0.301865
batched_execution,sequential,2,16,26,0.303464
batched_execution,sequential,2,16,27,0.303485
batched_execution,sequential,2,16,28,0.302014
batched_execution,sequential,2,16,29,0.301405
batched_execution,sequential,2,16,30,0.302355
batched_execution,batched,2,16,1,0.179713
batched_execution,batched,2,16,2,0.179333
batched_execution,batched,2,16,3,0.182672
batched_execution,batched,2,16,4,0.179693
batched_execution,batched,2,16,5,0.180243
batched_execution,batched,2,16,6,0.178433
batched_execution,batched,2,16,7,0.179362
batched_execution,batched,2,16,8,0.179743
batched_execution,batched,2,16,9,0.182523
batched_execution,batched,2,16,10,0.179652
batched_execution,batched,2,16,11,0.179773
batched_execution,batched,2,16,12,0.180753
batched_execution,batched,2,16,13,0.179973
batched_execution,batched,2,16,14,0.180762
batched_execution,batched,2,16,15,0.180823
batched_execution,batched,2,16,16,0.179563
batched_execution,batched,2,16,17,0.179743
batched_execution,batched,2,16,18,0.178383
batched_execution,batched,2,16,19,0.179193
batched_execution,batched,2,16,20,0.180902
batched_execution,batched,2,16,21,0.177823
batched_execution,batched,2,16,22,0.178963
batched_execution,batched,2,16,23,0.180042
batched_execution,batched,2,16,24,0.180323
batched_execution,batched,2,16,25,0.181913
batched_execution,batched,2,16,26,0.178623
batched_execution,batched,2,16,27,0.179212
batched_execution,batched,2,16,28,0.178313
batched_execution,batched,2,16,29,0.178563
batched_execution,batched,2,16,30,0.177903
batched_execution,sequential,2,32,1,0.617849
batched_execution,sequential,2,32,2,0.620840
batched_execution,sequential,2,32,3,0.619589
batched_execution,sequential,2,32,4,0.618320
batched_execution,sequential,2,32,5,0.616669
batched_execution,sequential,2,32,6,0.617870
batched_execution,sequential,2,32,7,0.616489
batched_execution,sequential,2,32,8,0.618219
batched_execution,sequential,2,32,9,0.619740
batched_execution,sequential,2,32,10,0.618789
batched_execution,sequential,2,32,11,0.620420
batched_execution,sequential,2,32,12,0.618399
batched_execution,sequential,2,32,13,0.619959
batched_execution,sequential,2,32,14,0.619130
batched_execution,sequential,2,32,15,0.617879
batched_execution,sequential,2,32,16,0.621140
batched_execution,sequential,2,32,17,0.620139
batched_execution,sequential,2,32,18,0.616470
batched_execution,sequential,2,32,19,0.620559
batched_execution,sequential,2,32,20,0.617329
batched_execution,sequential,2,32,21,0.617420
batched_execution,sequential,2,32,22,0.620449
batched_execution,sequential,2,32,23,0.618150
batched_execution,sequential,2,32,24,0.619019
batched_execution,sequential,2,32,25,0.617449
batched_execution,sequential,2,32,26,0.618970
batched_execution,sequential,2,32,27,0.616449
batched_execution,sequential,2,32,28,0.616960
batched_execution,sequential,2,32,29,0.619789
batched_execution,sequential,2,32,30,0.617399
batched_execution,batched,2,32,1,0.371935
batched_execution,batched,2,32,2,0.371976
batched_execution,batched,2,32,3,0.379116
batched_execution,batched,2,32,4,0.369505
batched_execution,batched,2,32,5,0.377076
batched_execution,batched,2,32,6,0.372036
batched_execution,batched,2,32,7,0.375606
batched_execution,batched,2,32,8,0.374035
batched_execution,batched,2,32,9,0.373736
batched_execution,batched,2,32,10,0.424906
batched_execution,batched,2,32,11,0.388796
batched_execution,batched,2,32,12,0.382006
batched_execution,batched,2,32,13,0.374406
batched_execution,batched,2,32,14,0.370915
batched_execution,batched,2,32,15,0.376746
batched_execution,batched,2,32,16,0.376676
batched_execution,batched,2,32,17,0.374416
batched_execution,batched,2,32,18,0.373485
batched_execution,batched,2,32,19,0.370066
batched_execution,batched,2,32,20,0.375896
batched_execution,batched,2,32,21,0.373085
batched_execution,batched,2,32,22,0.371196
batched_execution,batched,2,32,23,0.371456
batched_execution,batched,2,32,24,0.374085
batched_execution,batched,2,32,25,0.368226
batched_execution,batched,2,32,26,0.375726
batched_execution,batched,2,32,27,0.374995
batched_execution,batched,2,32,28,0.368376
batched_execution,batched,2,32,29,0.374906
batched_execution,batched,2,32,30,0.370095
batched_execution,sequential,2,64,1,1.272360
batched_execution,sequential,2,64,2,1.276929
batched_execution,sequential,2,64,3,1.275220
batched_execution,sequential,2,64,4,1.273419
batched_execution,sequential,2,64,5,1.272059
batched_execution,sequential,2,64,6,1.271340
batched_execution,sequential,2,64,7,1.274179
batched_execution,sequential,2,64,8,1.277480
batched_execution,sequential,2,64,9,1.273939
batched_execution,sequential,2,64,10,1.277209
batched_execution,sequential,2,64,11,1.284510
batched_execution,sequential,2,64,12,1.276369
batched_execution,sequential,2,64,13,1.277030
batched_execution,sequential,2,64,14,1.269389
batched_execution,sequential,2,64,15,1.271629
batched_execution,sequential,2,64,16,1.276770
batched_execution,sequential,2,64,17,1.274749
batched_execution,sequential,2,64,18,1.273300
batched_execution,sequential,2,64,19,1.274969
batched_execution,sequential,2,64,20,1.272019
batched_execution,sequential,2,64,21,1.274310
batched_execution,sequential,2,64,22,1.270799
batched_execution,sequential,2,64,23,1.270889
batched_execution,sequential,2,64,24,1.277820
batched_execution,sequential,2,64,25,1.274259
batched_execution,sequential,2,64,26,1.271100
batched_execution,sequential,2,64,27,1.271629
batched_execution,sequential,2,64,28,1.270989
batched_execution,sequential,2,64,29,1.271700
batched_execution,sequential,2,64,30,1.273369
batched_execution,batched,2,64,1,0.798112
batched_execution,batched,2,64,2,0.791252
batched_execution,batched,2,64,3,0.797232
batched_execution,batched,2,64,4,0.790472
batched_execution,batched,2,64,5,0.809162
batched_execution,batched,2,64,6,0.835313
batched_execution,batched,2,64,7,0.796652
batched_execution,batched,2,64,8,0.787432
batched_execution,batched,2,64,9,0.781642
batched_execution,batched,2,64,10,0.792592
batched_execution,batched,2,64,11,0.791032
batched_execution,batched,2,64,12,0.784792
batched_execution,batched,2,64,13,0.781652
batched_execution,batched,2,64,14,0.782212
batched_execution,batched,2,64,15,0.788672
batched_execution,batched,2,64,16,0.791602
batched_execution,batched,2,64,17,0.783162
batched_execution,batched,2,64,18,0.784212
batched_execution,batched,2,64,19,0.789202
batched_execution,batched,2,64,20,0.792862
batched_execution,batched,2,64,21,0.787262
batched_execution,batched,2,64,22,0.791262
batched_execution,batched,2,64,23,0.784252
batched_execution,batched,2,64,24,0.792392
batched_execution,batched,2,64,25,0.792212
batched_execution,batched,2,64,26,0.794192
batched_execution,batched,2,64,27,0.785142
batched_execution,batched,2,64,28,0.785132
batched_execution,batched,2,64,29,0.786612
batched_execution,batched,2,64,30,0.837082
batched_execution,sequential,2,128,1,2.698131
batched_execution,sequential,2,128,2,2.695831
batched_execution,sequential,2,128,3,2.689511
batched_execution,sequential,2,128,4,2.687861
batched_execution,sequential,2,128,5,2.692381
batched_execution,sequential,2,128,6,2.678070
batched_execution,sequential,2,128,7,2.694471
batched_execution,sequential,2,128,8,2.695161
batched_execution,sequential,2,128,9,2.709282
batched_execution,sequential,2,128,10,2.686670
batched_execution,sequential,2,128,11,2.687301
batched_execution,sequential,2,128,12,2.685571
batched_execution,sequential,2,128,13,2.692191
batched_execution,sequential,2,128,14,2.685321
batched_execution,sequential,2,128,15,2.690921
batched_execution,sequential,2,128,16,2.688561
batched_execution,sequential,2,128,17,2.676790
batched_execution,sequential,2,128,18,2.680561
batched_execution,sequential,2,128,19,2.688021
batched_execution,sequential,2,128,20,2.685811
batched_execution,sequential,2,128,21,2.693441
batched_execution,sequential,2,128,22,2.681511
batched_execution,sequential,2,128,23,2.685481
batched_execution,sequential,2,128,24,2.700241
batched_execution,sequential,2,128,25,2.681760
batched_execution,sequential,2,128,26,2.687781
batched_execution,sequential,2,128,27,2.686501
batched_execution,sequential,2,128,28,2.694381
batched_execution,sequential,2,128,29,2.696271
batched_execution,sequential,2,128,30,2.687951
batched_execution,batched,2,128,1,1.786337
batched_execution,batched,2,128,2,1.783957
batched_execution,batched,2,128,3,1.800398
batched_execution,batched,2,128,4,1.802877
batched_execution,batched,2,128,5,1.793577
batched_execution,batched,2,128,6,1.802758
batched_execution,batched,2,128,7,1.800387
batched_execution,batched,2,128,8,1.797027
batched_execution,batched,2,128,9,1.788698
batched_execution,batched,2,128,10,1.785527
batched_execution,batched,2,128,11,1.792987
batched_execution,batched,2,128,12,1.784797
batched_execution,batched,2,128,13,1.795848
batched_execution,batched,2,128,14,1.798027
batched_execution,batched,2,128,15,1.794007
batched_execution,batched,2,128,16,1.775257
batched_execution,batched,2,128,17,1.800748
batched_execution,batched,2,128,18,1.789267
batched_execution,batched,2,128,19,1.796967
batched_execution,batched,2,128,20,1.803128
batched_execution,batched,2,128,21,1.786537
batched_execution,batched,2,128,22,1.799958
batched_execution,batched,2,128,23,1.809837
batched_execution,batched,2,128,24,1.778007
batched_execution,batched,2,128,25,1.791447
batched_execution,batched,2,128,26,1.786528
batched_execution,batched,2,128,27,1.807197
batched_execution,batched,2,128,28,1.787167
batched_execution,batched,2,128,29,1.792458
batched_execution,batched,2,128,30,1.782787
batched_execution,sequential,2,256,1,6.139713
batched_execution,sequential,2,256,2,6.142154
batched_execution,sequential,2,256,3,6.145603
batched_execution,sequential,2,256,4,6.139894
batched_execution,sequential,2,256,5,6.177504
batched_execution,sequential,2,256,6,6.114773
batched_execution,sequential,2,256,7,6.116543
batched_execution,sequential,2,256,8,6.112403
batched_execution,sequential,2,256,9,6.107373
batched_execution,sequential,2,256,10,6.087852
batched_execution,sequential,2,256,11,6.135184
batched_execution,sequential,2,256,12,6.102452
batched_execution,sequential,2,256,13,6.144184
batched_execution,sequential,2,256,14,6.104333
batched_execution,sequential,2,256,15,6.087342
batched_execution,sequential,2,256,16,6.121453
batched_execution,sequential,2,256,17,6.134394
batched_execution,sequential,2,256,18,6.094523
batched_execution,sequential,2,256,19,6.099762
batched_execution,sequential,2,256,20,6.107634
batched_execution,sequential,2,256,21,6.087832
batched_execution,sequential,2,256,22,6.147014
batched_execution,sequential,2,256,23,6.099183
batched_execution,sequential,2,256,24,6.090772
batched_execution,sequential,2,256,25,6.065312
batched_execution,sequential,2,256,26,6.109643
batched_execution,sequential,2,256,27,6.081493
batched_execution,sequential,2,256,28,6.112583
batched_execution,sequential,2,256,29,6.102083
batched_execution,sequential,2,256,30,6.090642
batched_execution,batched,2,256,1,4.568599
batched_execution,batched,2,256,2,4.501929
batched_execution,batched,2,256,3,4.481798
batched_execution,batched,2,256,4,4.502488
batched_execution,batched,2,256,5,4.478929
batched_execution,batched,2,256,6,4.485108
batched_execution,batched,2,256,7,4.573719
batched_execution,batched,2,256,8,4.574100
batched_execution,batched,2,256,9,4.526289
batched_execution,batched,2,256,10,4.490458
batched_execution,batched,2,256,11,4.547209
batched_execution,batched,2,256,12,4.537650
batched_execution,batched,2,256,13,4.535919
batched_execution,batched,2,256,14,4.871324
batched_execution,batched,2,256,15,6.149183
batched_execution,batched,2,256,16,5.400883
batched_execution,batched,2,256,17,5.595095
batched_execution,batched,2,256,18,5.008056
batched_execution,batched,2,256,19,4.847544
batched_execution,batched,2,256,20,4.521789
batched_execution,batched,2,256,21,4.605040
batched_execution,batched,2,256,22,4.554829
batched_execution,batched,2,256,23,4.541369
batched_execution,batched,2,256,24,4.509839
batched_execution,batched,2,256,25,4.512638
batched_execution,batched,2,256,26,4.731322
batched_execution,batched,2,256,27,4.533649
batched_execution,batched,2,256,28,4.530819
batched_execution,batched,2,256,29,4.615150
batched_execution,batched,2,256,30,4.499829
